File Name,User,License
Break Mirror001.wav,Tetrisrocker,Creative Commons 0
Break Mirror004.wav,Tetrisrocker,Creative Commons 0
Balloon Tapping,antistatikk,Attribution 3.0
pen-tap,fredsonic,Attribution 3.0
tapping.aif,dnforbes,Attribution 3.0
Tap tap tap,CaptainYulef,Creative Commons 0
"Tapping, Wall, A.wav",InspectorJ,Attribution 4.0
Tapping.wav,13FPanska_Machacova_Petra,Creative Commons 0
mic handling,passerkirbius,Creative Commons 0
tappingMic.wav,susychristiansen,Creative Commons 0
contact_mic_on_plate02.wav,wjoojoo,Attribution 4.0
Hitting Microphone,JoeyCorlett,Creative Commons 0
tabletap.mp3,3dwarD0,Sampling+
frying food,paisagemsonoraunila,Creative Commons 0
Frying an omlette,ThePacifist,Creative Commons 0
Frying egg.mp3,solifer,Attribution NonCommercial 4.0
sausages frying.wav,kwahmah_02,Attribution 3.0
Food Cooking in Frying Pan,deleted_user_7146007,Creative Commons 0
placing fried food on plate,NachtmahrTV,Creative Commons 0
Food Frying.wav,TyroneW,Attribution NonCommercial 3.0
20221024_Geert-Frying Sausages Vapor Hood Airflow.WAV,antwerpsounddesign,Creative Commons 0
Frying Bacon,Urkki69,Creative Commons 0
child in bathtub,Garuda1982,Attribution 4.0
Baby sound of little boy babbling,anendel,Attribution NonCommercial 3.0
baby laughing.m4a,kapilkant,Creative Commons 0
Baby Giggles.wav,amccoy711,Creative Commons 0
"Baby Girl 1 year old - Coos, Gurgles, Drops Toys",Sauron974,Creative Commons 0
Toby1.wav,acclivity,Attribution NonCommercial 4.0
Baby Gibberish and Words - Full.wav,FunWithSound,Creative Commons 0
baby_boy_toddler_kid_smile_smiling_joy_fun_happy_kids_infant.wav,ondondvo,Attribution 4.0
"Baby 2 months, happy squealing, squeaky toy, summer 04.wav",TRP,Creative Commons 0
babyLaugh.wav,Jickle,Attribution 3.0
Gentle Baby Noises.wav,Stevious42,Attribution 3.0
Baby Babble and crinkle.wav,Stevious42,Attribution 3.0
Baby Laugh.wav,Stevious42,Attribution 3.0
Baby Gibberish,FunWithSound,Baby Gibberish
"walla, ext, russian, boys, laughing, joking, chatting.wav",golovlev.sound,Creative Commons 0
"walla, ext, russian, boys, laughing, joking, chatting.wav",golovlev.sound,Creative Commons 0
Crowd laughing and clapping inside a bar in Chile (Valparaiso),felix.blume,Creative Commons 0
R4_00357_FR_LaughAndCheering.wav,kevp888,Attribution 4.0
cheer laugh clap.wav,theplax,Attribution 4.0
small crowd laughing and clapping.wav,Tomlija,Attribution 3.0
walk thru east village 2.wav,overmedium,Creative Commons 0
Ambiance inside a foyer of a theater,MC_Minnaar,Attribution NonCommercial 4.0
Restaurant Courzand 01.wav,LG,Attribution 3.0
walk thru east village 3.wav,overmedium,Creative Commons 0
bus.wav,paisagemsonoraunila,Attribution NonCommercial 3.0
Very Busy Bar,richwise,Creative Commons 0
"Giro Italia race Budapest - Inner city Bird, people chatting, Policemen tapping each others backs, Laughing men_kim Lyons_SONOTOMIA",Sonotomia,Attribution NonCommercial 4.0
Airport waiting room.wav,BonnyOrbit,Creative Commons 0
School Cafeteria Ambience.wav,TaXMaNFoReVeR,Attribution NonCommercial 3.0
big crowd a little laughter 3.wav,Kyster,Attribution 4.0
Approx 800 Laugh 1.wav,lonemonk,Attribution 3.0
Laughs_ses2.wav,freesound,Creative Commons 0
laughter 01.wav,tim.kahn,Attribution 4.0
Crowd laugh.wav,deleted_user_2104797,Creative Commons 0
VOX_squad_laughing.wav,stereodivo,Sampling+
people_laughing_outdoors_003.wav,Martina_Leitschuh,Attribution 4.0
"village crowd active under mango trees talking laughing boisterous women Putti, Uganda, Africa 2016.wav",kyles,Creative Commons 0
Mammoth Noising / Roaring / Yelling,TheVeoMammoth11,Attribution 3.0
Evil Kitchen,plasmidintercourse,Creative Commons 0
Kitchen faucet,giddster,Creative Commons 0
KITCHEN,yahaveva,Creative Commons 0
Cooking in the Kitchen,KenzieVaness,Attribution 3.0
MUS152_CoryMarohnicUtensilDrawer.wav,cmarohnic89,Creative Commons 0
kitchen with cats,paisagemsonoraunila,Creative Commons 0
Kitchen Sounds,xiaoxiaozyh,Attribution NonCommercial 3.0
cocina en acción .m4a,nicolasgonzalezm,Creative Commons 0
KuecheAufraeumen_128.mp3,RishkaBee,Creative Commons 0
"FOODKware_Knife Sharpening 01_JOSH_OWI 3RD YEAR SFX PACK_Scarlett 18i20, Samson C01.wav",jchiledred,Attribution 4.0
In the kitchen 2,pedrgloria,Creative Commons 0
cutlery.wav,gallagho,Creative Commons 0
gas hobs click fire flame,spanrucker,Creative Commons 0
Mixer.wav,SRuelas,Attribution 3.0
kitchen utensils 01.wav,volivieri,Attribution 4.0
Kitchen noises microwave.mp3,Lewooz,Creative Commons 0
Kitchen.PlatesSraping.Faucet.wav,jessepash,Creative Commons 0
Claps.wav,dmunk,Creative Commons 0
clap.wav,florian_reinke,Creative Commons 0
Clapping.wav,Slooshie_96,Attribution NonCommercial 4.0
Clapping.wav,jyoung20,Creative Commons 0
Hand claps,parkersenk,Creative Commons 0
Clapping and Yelling,donut-kiss,Creative Commons 0
clap.wav,Kyanite_,Creative Commons 0
clap.wav,BraveFrog,Creative Commons 0
Solo Clap,OwlStorm,Creative Commons 0
Clapping.wav,Tats14,Attribution NonCommercial 3.0
clapping.wav,Citlaly,Creative Commons 0
Clapping.wav,jay-kelly007,Attribution NonCommercial 3.0
Clapping_Patting_01.wav,Lex777,Attribution 3.0
SingleHandClap.wav,mikaelfernstrom,Attribution 3.0
Rpeople_Clap.wav,rhythmpeople,Creative Commons 0
clap_04.wav,Jagadamba,Attribution 4.0
HandClap4.wav,Landau00,Creative Commons 0
Clapping.wav,sportygurl37,Attribution 3.0
clapping.wav,anagar,Creative Commons 0
clapping.wav,SamKolber,Attribution 3.0
Clap.wav,Equipodinamita2764,Creative Commons 0
clap.wav,goldkelchen,Creative Commons 0
Clapping.wav,deleted_user_4798915,Attribution 3.0
The Claps,ant1e,Creative Commons 0
HandClap01.wav,bastianpusch,Creative Commons 0
Clapping 2 (reverb),MBPL,Creative Commons 0
5 claps for BINGO song,bogenseeberg,Attribution 4.0
Clap 01,steeltowngaming,Creative Commons 0
Clap Hands Clapping,deleted_user_7146007,Creative Commons 0
clap.wav,dpsa,Attribution 3.0
big clap,kellieskitchen,Attribution 3.0
clap3.wav,herraportti,Creative Commons 0
Clapping.wav,cloe.king,Creative Commons 0
CLAP.WAV,erkanozan,Creative Commons 0
Clapping.wav,MessyAcousticApocalypse666,Attribution NonCommercial 3.0
"Clap, Single, 3.wav",InspectorJ,Attribution 4.0
medium clap,kellieskitchen,Attribution 3.0
ALRMElec_Smoke Detector Test Noise_ladako_20cm from mic.wav,ladako,Creative Commons 0
smoke alarm,opalmirage,Creative Commons 0
smoke_alarm.wav,wjoojoo,Attribution 4.0
smoke_alarm_piep_piep,Jan18101997,Creative Commons 0
smoke detector fire alarm sound effect,Garuda1982,Attribution 4.0
LOUD Smoke Alarm unplug.wav,LiftPizzas,Creative Commons 0
Smoke Detector  Alarm,rayprice,Attribution 3.0
"Smoke detector alarm, close perspective.wav",SpliceSound,Creative Commons 0
Alarm,melokacool,Creative Commons 0
Smoke alarm battery low.wav,Techienanna,Creative Commons 0
Smoke Detector.wav,AaronGNP,Attribution 3.0
Breaking Plastic Smoke Alarm,petehallw,Creative Commons 0
Binaural City Sounds + Train Station (Brighton City)-(170525_0063).wav,alvaroluisvillarcastillo,Attribution NonCommercial 3.0
ambience house with tv.wav,H0ugH,Attribution NonCommercial 3.0
niesen.wav,ost-soundwerkstatt,Creative Commons 0
estornudo/sneeze.WAV,juancito10,Attribution 4.0
Man sneezing x3,miguelpascucci,Creative Commons 0
VocalSC.wav,clshevo,Creative Commons 0
I sneezed,JPBILLINGSLEYJR,Creative Commons 0
sneezing.wav,Phila014,Attribution NonCommercial 4.0
fake sneezes,chestnutjam,Creative Commons 0
sneeze goat 01.wav,klankbeeld,Attribution 4.0
Asthmatic Sneezing 1.wav,F.M.Audio,Attribution 4.0
Person Sneezing Sound Bit.wav,chrisbrowne626,Attribution 3.0
Westminster 02 bells sneeze.wav,WIM,Attribution 4.0
Ahchoo!,Mafon2,Attribution 4.0
Kids Laughing and a Man is Sneezing in the streets of Cambodia,FreeToUseSounds,Creative Commons 0
Lady with a cold sneezing.OWI.wav,Legand569,Creative Commons 0
Sneezing OWI.wav,221296,Attribution NonCommercial 4.0
Sneeze_Male_Speed_Normal,Manim8,Creative Commons 0
SNEEZE - 1,SamuelGremaud,Creative Commons 0
SNEEZE - 3,SamuelGremaud,Creative Commons 0
SNEEZE - 2,SamuelGremaud,Creative Commons 0
baby_sneeze.wav,reinsamba,Attribution 4.0
Female Sneeze-RAW-.wav,celiaaurora7,Creative Commons 0
Sneeze - Female.wav,Vanalosswen,Creative Commons 0
Cats sneezing.wav,14FPanskaZummer_Jakub,Creative Commons 0
Estornudo Peludito.wav,Sol5,Creative Commons 0
Sneeze.wav,husky70,Creative Commons 0
rm_Sneezes.wav,raremess,Creative Commons 0
Male Sneezing Softly.wav,CashCarlo,Attribution NonCommercial 4.0
Man sneezing,jmayoff,Creative Commons 0
Sneezing.wav,Elandre01,Creative Commons 0
Sneezing,vikuserro,Attribution 4.0
Woman Sneezing.wav,Jeanet_Henning,Attribution NonCommercial 3.0
"Real Sneeze, Atchoo - 3 Sneezes, recorded in voiceover booth.wav",markbryant,Creative Commons 0
sneeze.wav,DeezSoundzTho,Creative Commons 0
sneeze.wav,sofiuzc,Creative Commons 0
Sneeze (Male),tonijsstrods,Creative Commons 0
Sneezing.wav,180241virtualwindow.co.za,Attribution NonCommercial 3.0
me_sneezing.wav,Connum,Attribution NonCommercial 4.0
Woman Sneezing.wav,221097,Attribution NonCommercial 4.0
Sneezing.wav,edschaefer,Creative Commons 0
Sneeze.wav,simonjeffery13,Creative Commons 0
Sneezes.wav,georgisound,Creative Commons 0
Sneeze.wav,21100306,Attribution NonCommercial 4.0
Huge Male Sneeze.wav,SeriousFeather,Creative Commons 0
sneeze.wav,starplatinums,Creative Commons 0
sneeze.wav,moxobna,Creative Commons 0
sneezes.wav,macohibs,Creative Commons 0
sneezing.wav,Sapereaudio,Creative Commons 0
Female Sneezing -- Two Sneezes Spaced Out.WAV,Ndheger,Attribution 3.0
sneezes,ahklys27,Creative Commons 0
Sneeze.wav,tekgnosis,Creative Commons 0
sneezing.wav,Sapereaudio,Creative Commons 0
Sneeze.wav,nataliabm09,Creative Commons 0
Sneezing.wav,ProdMultimediasHQI,Creative Commons 0
Sneezing.wav,jay-kelly007,Attribution NonCommercial 3.0
Sneezing,Hourofmidnight,Attribution NonCommercial 3.0
Man Sneeze.wav,William020304,Creative Commons 0
Girl sneezing.wav,TheoMachine,Creative Commons 0
sneeze 2.wav,erikschenkel,Attribution 3.0
sneezing 2.wav,AndreAngelo,Attribution 3.0
sneezing 1.wav,AndreAngelo,Attribution 3.0
sneeze.wav,sidequesting,Creative Commons 0
A man sneezing,JPBILLINGSLEYJR,Creative Commons 0
Sneezing,D4XX,Creative Commons 0
Sneezing,BiancaBothaPure,Attribution NonCommercial 4.0
Sneeze,shaderrow,Attribution NonCommercial 4.0
Man Sneezing Sneeze,deleted_user_7146007,Creative Commons 0
Man Sneezing Sneeze 3,deleted_user_7146007,Creative Commons 0
Man Sneezing Sneeze Into Hands,deleted_user_7146007,Creative Commons 0
Man Sneezing Sneeze 2,deleted_user_7146007,Creative Commons 0
Sneezing,faithechetty,Attribution NonCommercial 4.0
Sneeze,rodrigocswm,Creative Commons 0
Sneezing.wav,170134,Attribution NonCommercial 3.0
"Sneeze, Single, A.wav",InspectorJ,Attribution 4.0
HUMAN-BABY-CRYING-START SLOW THEN END-WITH FILL TONE.wav,Scott_Snailham,Attribution NonCommercial 4.0
Voice_Baby_Cry_Sequence_Long_Mono.wav,Nox_Sound,Creative Commons 0
jok.wav,Gvido,Creative Commons 0
baby_crying1.wav,zerolagtime,Attribution 3.0
Premature Baby 2.WAV,sebastianlund,Attribution 3.0
Baby cry.wav,crazyadamos,Creative Commons 0
Baby Noises2 (3 month old),mushroomjesus,Attribution NonCommercial 3.0
Cry Baby.wav,renatofarabeuf,Attribution 3.0
baby_voice6.wav,reinsamba,Attribution 4.0
Female Baby cry,vemeswar,Attribution NonCommercial 4.0
JM_HUMAN_Baby 01c - Crying.wav,Julien_Matthey,Creative Commons 0
JM_HUMAN_Baby 01b - Crying.wav,Julien_Matthey,Creative Commons 0
baby cry.wav,nektaria909,Creative Commons 0
baby cry next door.WAV,klankbeeld,Attribution 4.0
baby girl crying,josephvm,Creative Commons 0
01014 baby girl crying 6.wav,Robinhood76,Attribution NonCommercial 4.0
Baby Cry Angry.wav,Stevious42,Attribution 3.0
baby cry loop.wav,gumballworld,Attribution NonCommercial 3.0
Baby Whines Cries Huf PE145601,gumballworld,Attribution NonCommercial 3.0
Baby Crying,panikko,Attribution NonCommercial 4.0
Baby Cry.wav,Stevious42,Attribution 3.0
Baby Cry.wav,deleted_user_2104797,Creative Commons 0
Baby Cry 2.wav,Stevious42,Attribution 3.0
baby newborn cry2.wav,gumballworld,Attribution NonCommercial 3.0
Crying baby 1,MBPL,Creative Commons 0
baby2.wav,tangjingyuan,Creative Commons 0
Crying newborn baby child 3.WAV,the_yura,Creative Commons 0
baby-crying-1_(sounds-AT-ermfilm_pl).wav,ermfilm,Attribution 4.0
"Vauva itkee / Baby, newborn, crying.",YleArkisto,Attribution 4.0
HOME WITH BABY AMBIENCE,Elenalostale,Creative Commons 0
Baby crying.wav,Alex_hears_things,Creative Commons 0
newborn baby crying.wav,blukotek,Creative Commons 0
Fussy baby.wav,Sruddi1,Sampling+
"Baby Girl 1 year old - Fusses, Cries",Sauron974,Creative Commons 0
LOUPE`_0015.wav,adralba,Attribution 4.0
hospital baby crying getting stitches with doctors conversing arabic Gaza 2016.wav,kyles,Creative Commons 0
HUMAN_BABY_2MONTHS_CRY_01.wav,keng-wai-chane-chick-te,Creative Commons 0
annie cry.wav,Badfinger05200,Attribution NonCommercial 3.0
20070728_crying_baby_train..wav,thanvannispen,Attribution 4.0
Baby cries,Vurca,Creative Commons 0
Baby Babble and crinkle.wav,Stevious42,Attribution 3.0
"Collection of Baby sounds - Laughs, Cries and random sounds",k3pp,Attribution 3.0
Baby crying — pitch-shifted,vanoosbree,Creative Commons 0
Baby crying slowed down,tomhannen,Creative Commons 0
180081 Baby Crying 01.WAV,FST180081,Attribution 4.0
13 minute excursion lower east side.wav,overmedium,Creative Commons 0
Breaking Plates.wav,Juan_Merie_Venter,Attribution NonCommercial 3.0
"Bottle, Breaking.wav",cmusounddesign,Attribution 3.0
breaking_glass.wav,Mystikuum,Creative Commons 0
Glass Break 002.wav,VSokorelos,Creative Commons 0
Glass Break 001.wav,VSokorelos,Creative Commons 0
Glass Break 2,Natty23,Attribution 4.0
Glass break 2,Aiwha,Attribution 4.0
Breaking Glass 02.wav,theplax,Attribution 4.0
Glass Break,Natty23,Attribution 4.0
glass break,nick121087,Creative Commons 0
glass breaks various 08.mp3,TRP,Creative Commons 0
"Glass little breaks various, 10.flac",TRP,Creative Commons 0
breaking_glass1.wav,reg7783,Creative Commons 0
broken_glass.wav,13F_Panska_Tlolkova_Matilda,Creative Commons 0
Glass Hit (31).wav,JohanDeecke,Attribution 3.0
glass breaking.aif,sgarrison2127,Creative Commons 0
028 vidrio quebrandose 2-MDelay3_01.wav,holisoysilvi,Creative Commons 0
Vidrios_Rotos.wav,Thingy17,Attribution 3.0
028 vidrio quebrandose 2.wav,holisoysilvi,Creative Commons 0
08-Vidrio.wav,efsdcnveoi,Creative Commons 0
Breaking-Glass.wav,wjl,Creative Commons 0
Break Mirror001.wav,Tetrisrocker,Creative Commons 0
window break with axe glass shatter in trailer.wav,kyles,Creative Commons 0
GlassShatter.mp3,Smokey9977,Creative Commons 0
Breaking Glass #1.wav,abstraktgeneriert,Creative Commons 0
Breaking glass,jsbarrett,Attribution NonCommercial 3.0
Glass Drop 4,qubodup,Attribution 4.0
JK Bottle Break.wav,cmusounddesign,Attribution 3.0
break06.wav,Johnny97,Creative Commons 0
Glass breaking,Ruben_Uitenweerde,Attribution 3.0
Glass Shatter,JustInvoke,Attribution 4.0
Vase Breaking,Sheyvan,Creative Commons 0
Glass Breaking.wav,21100306,Attribution NonCommercial 4.0
Breaking Glass ,ngruber,Creative Commons 0
Glass break,glock102020202,Creative Commons 0
Breaking glass.mp3,the_epic1357,Creative Commons 0
Glass breaking_northern87,northern87,Creative Commons 0
glass.wav,cmusounddesign,Attribution 3.0
glass-explosion_01.ogg,C_Rogers,Creative Commons 0
Breaking a glass bottle,dasebr,Creative Commons 0
breaking_glass.wav,gezortenplotz,Attribution 3.0
Glass Breaking.wav,bennathanras,Attribution NonCommercial 4.0
Glass Breaking,AlterKartoffelsack,Creative Commons 0
Glass Break - Medium Jar,RoganMcDougald,Attribution 3.0
Glass Breaking.wav,cmusounddesign,Attribution 3.0
Glass breaking.wav,speedygonzo,Attribution 3.0
Glass Break 1.wav,cmusounddesign,Attribution 3.0
mp glass break.wav,cmusounddesign,Attribution 3.0
jf Glass Breaking.wav,cmusounddesign,Attribution 3.0
RBH Glass_Break 04.wav,RHumphries,Attribution 4.0
Glass Break,unfa,Creative Commons 0
Breaking Glass 25.mp3,FunWithSound,Attribution 4.0
Glass breaking,Samgd14,Attribution 3.0
breaking glass_2.wav,ElenZack,Attribution NonCommercial 4.0
Glass bottle break.wav,natemarler,Attribution NonCommercial 3.0
Glass bottle breaking.wav,JanevdMerwe1995,Attribution NonCommercial 3.0
"Glass Smash, Bottle, H.wav",InspectorJ,Attribution 4.0
long glass break in reverse ,sgarrison2127,Creative Commons 0
Rain Sound and Rainforest.mp3,INNORECORDS,Creative Commons 0
Lightning strikes with rainy ambience.wav,Sramon,Creative Commons 0
Thunder,Fission9,Creative Commons 0
Thunder and rain during the night in the Amazonian Rainforest,felix.blume,Creative Commons 0
Thunder Rush. 28 July 2021.wav,carthny,Creative Commons 0
Urban English Thunder Storm July 2014,kernowrules,Attribution NonCommercial 4.0
Thunder 2,straget,Attribution 4.0
Thunder,straget,Attribution 4.0
Thunder Storm.wav,beanogreen,Creative Commons 0
Thunder in the city 200626_0190.ogg,klankbeeld,Attribution 4.0
Thunderstorm.WAV,inchadney,Attribution NonCommercial 4.0
man coughing,JD_Brick_Productions,Creative Commons 0
Boy Coughing #1.MP3,SoundsForHim,Creative Commons 0
Cough Male.wav,MihirFreeSound,Attribution NonCommercial 3.0
Cough.mp3,mh06941,Creative Commons 0
Cough_1.wav,Harrisando,Creative Commons 0
Horrible Female Cough,NyxLurvig,Creative Commons 0
Bad Cough.wav,bennathanras,Attribution NonCommercial 4.0
7-5-Cough.wav,14FSmitakovaK,Attribution NonCommercial 3.0
Cough.mp3,oddmonolithsound,Attribution 3.0
MaleCough.wav,Kragnour,Creative Commons 0
Cough02.wav,LG,Attribution 3.0
Harsh Cough ,Hourofmidnight,Attribution NonCommercial 3.0
cough.wav,cphase,Creative Commons 0
cough.wav,ElGeorgia,Creative Commons 0
Coughing.wav,xtrgamr,Attribution 4.0
cough.wav,caseymoura,Attribution 3.0
Cough.wav,PerMagnusLindborg,Creative Commons 0
Coughing.mp3,GentlemanWalrus,Creative Commons 0
Voice Request #33 - Sarcastic Coughing.wav,InspectorJ,Attribution 4.0
Cough vocal one shot - mp3,Duisterwho,Creative Commons 0
Cough.wav,ErocShadow,Sampling+
Coughing 001.wav,frenkfurth,Creative Commons 0
Cough (2),OwlStorm,Creative Commons 0
double_cough_01.wav,joedeshon,Attribution 4.0
Cough_2.wav,Harrisando,Creative Commons 0
Girl Cough.wav,thatkellytrna,Creative Commons 0
cough2.mp3,loisgwenllian,Creative Commons 0
marvie_cough1.flac,wjoojoo,Attribution 4.0
Coughing.mp3,Topschool,Creative Commons 0
Cough.m4a,Christyboy100,Attribution 3.0
Cough.mp3,Donnyatta,Creative Commons 0
cough.wav,joedeshon,Creative Commons 0
Coughing.wav,puZZelZ,Attribution NonCommercial 3.0
Man Coughing,Dave_Girtsman,Attribution 4.0
Coughing.wav,millonlazaruspillay,Attribution NonCommercial 3.0
Coughs,danieldouch,Attribution 4.0
cough,goldkelchen,Creative Commons 0
Cough,biawinter,Attribution NonCommercial 3.0
coughing,Eelke,Attribution 4.0
coughing,Eelke,Creative Commons 0
Cough,pikachu09,Creative Commons 0
DB COUGH 002.wav,sandyrb,Attribution 4.0
Cough,FrostyFrost,Creative Commons 0
coughing,BOBtheROSS,Creative Commons 0
Cough,Fabrizio84,Creative Commons 0
Cough,xavierrrangel,Creative Commons 0
cough2.mp3,MilliiStewart15,Attribution 3.0
Coughing.mp3,sjnewton,Attribution 3.0
cough4.mp3,MilliiStewart15,Attribution 3.0
cough.mp3,MilliiStewart15,Creative Commons 0
Cough3.mp3,MilliiStewart15,Attribution 3.0
Cough!,qubodup,Creative Commons 0
Man Coughing,ckvoiceover,Creative Commons 0
coughing.wav,stephsinger22,Sampling+
A person coughing,Caitlin_100,Creative Commons 0
Cough_1,ViorusMaster,Attribution NonCommercial 3.0
cough.wav,cogitoandcradle,Creative Commons 0
coughing.wav,TshepangNcwane_200253,Creative Commons 0
Cough,poorenglishjuggler,Creative Commons 0
Cough,grantorino551,Creative Commons 0
industrial workshop,kyles,industrial workshop
General Fusion industrial workshop factory warning alarm basically full sequence L side onmic R side offmic +talking voices o well.wav,kyles,Creative Commons 0
Touring Bus Trip in the night,neolein,Creative Commons 0
Snoring,poorenglishjuggler,Creative Commons 0
Male Snore 1.wav,mattyharm,Creative Commons 0
Soft Female Snoring.wav,Alex_hears_things,Creative Commons 0
snoring II.wav,the_yura,Creative Commons 0
Max snoring ,Automatchski,Creative Commons 0
Night snoring during sleep,rouak,Creative Commons 0
Male snore,AdrianoAnjos,Creative Commons 0
trainconversation.wav,Anton,Attribution 4.0
Telephone call tagalog,joangilbardaji,Attribution 3.0
conversación de trabajo en Casa Asia de Barcelona.wav,CasaAsiaSons,Attribution 3.0
kayels room2.wav,ghostcake,Attribution 3.0
Passengers' conversation on the train 003.wav,dibko,Attribution 4.0
20081115.female.conversation.wav,dobroide,Attribution 4.0
00000.wav,Shopp,Sampling+
cough and spit.wav,Elodie747,Attribution 3.0
break07.wav,Johnny97,Creative Commons 0
Breaking_Glass_08.wav,RSilveira_88,Attribution 4.0
Glass Break,avrahamy,Creative Commons 0
RBH Glass_Break 04.wav,RHumphries,Attribution 4.0
break06.wav,Johnny97,Creative Commons 0
Glass Breaking.wav,21100306,Attribution NonCommercial 4.0
Glass breaking.wav,speedygonzo,Attribution 3.0
Zoom 0006 Breaking glass.wav,190156,Attribution NonCommercial 4.0
Zoom 0006 Breaking glass.wav,190156,Attribution NonCommercial 4.0
break06.wav,Johnny97,Creative Commons 0
Glass Breaking.wav,21100306,Attribution NonCommercial 4.0
Glass breaking.wav,speedygonzo,Attribution 3.0
breaking glass.wav,ElenZack,Attribution NonCommercial 4.0
break01.wav,Johnny97,Creative Commons 0
Glass breaking,Ruben_Uitenweerde,Attribution 3.0
Glass Shatter,JustInvoke,Attribution 3.0
breaking glass_2.wav,ElenZack,Attribution NonCommercial 4.0
fireworks recorded high 140101_00_0.wav,klankbeeld,Attribution 4.0
Fireworks_Distant.WAV,ivolipa,Creative Commons 0
Fireworks,MilanKovanda,Creative Commons 0
GLASS CRASH.wav,else_fucker,Attribution NonCommercial 4.0
Ikkunoita rikotaan kepillä / Breaking windows with stick,YleArkisto,Attribution 4.0
Smashing Glass OWI.wav,221296,Attribution NonCommercial 4.0
breaking a glass.wav,VincentKurtAnderes,Attribution NonCommercial 4.0
Glass.wav,NgqabuthoNkomo,Attribution NonCommercial 4.0
Breaking a glass bottle,dasebr,Creative Commons 0
Vase Breaking,Sheyvan,Creative Commons 0
Glass breaking.wav,speedygonzo,Attribution 3.0
Glass breaking,Samgd14,Attribution 3.0
Ambience at Limerick's Milk Market,nomadas,Creative Commons 0
Arc Welding.wav,squashy555,Creative Commons 0
Metal_Workshop_1.WAV,ivolipa,Creative Commons 0
Welding_3_continious.wav,ivolipa,Creative Commons 0
Metal_Workshop_4.WAV,ivolipa,Creative Commons 0
welder 3.wav,SpeedY,Creative Commons 0
"market ext repair yard like Waterworld just outside mall people fixing metal hardware grinding welding banging voice echo inside building Kampala, Uganda, Africa 2016.wav",kyles,Creative Commons 0
"Raceway Welding - Engines, Spot Welding.wav",DaleT92,Creative Commons 0
Welding.wav,soundslikewillem,Attribution NonCommercial 4.0
Factory 01.wav,Tarquam,Creative Commons 0
Machine Steampunk Factory,szegvari,Creative Commons 0
Factory X Operatios.mp3,Stomp,Sampling+
FACTORY 4.wav,indieground,Creative Commons 0
Factory machine 05,jmbphilmes,Creative Commons 0
"Ambience, Machine Factory, A.wav",InspectorJ,Attribution 4.0
5 min of crowd chatter.  40 people.wav,Psykophobia,Creative Commons 0
"Forest at dawn with birds, crickets and insects in the Sian Ka'an Biosphere Reserve",felix.blume,Creative Commons 0
"Apollo89 - idle conversation, groups people, small town square, athens, greece.wav",SpyrosPolitis,Creative Commons 0
In a little forest.wav,Kyster,Attribution 3.0
people chatting background.wav,cameronmusic,Attribution 3.0
Motorbike,iainmccurdy,Attribution 4.0
07_motorbike_GS_start,16HPanskaFantys_Tomas,Creative Commons 0
07_motorbike_GS_start,16HPanskaFantys_Tomas,Creative Commons 0
Motorbike,iainmccurdy,Attribution 4.0
people chatting background.wav,cameronmusic,Attribution 3.0
"Apollo89 - idle conversation, groups people, small town square, athens, greece.wav",SpyrosPolitis,Creative Commons 0
In a little forest.wav,Kyster,Attribution 3.0
Windy Forest (without windscreen) 02.mp3,Gutek,Creative Commons 0
20180313.forest.ambiance.wav,dobroide,Attribution 4.0
"Forest at dawn with birds, crickets and insects in the Sian Ka'an Biosphere Reserve",felix.blume,Creative Commons 0
truck diesel start idle nearby and pull away slow Gaza 2016.wav,kyles,Creative Commons 0
Car_motor_Sound.m4a,Blizzard123,Creative Commons 0
boat outboard motor throaty false starts pull cord and start and ride various medium speeds.flac,kyles,Creative Commons 0
motorbike crm 250cc kick start rev engine.wav,martian,Attribution 4.0
Motocross dirt bike motorcycle sound effects.MP3,paulcola,Creative Commons 0
Motor,Rickplayer,Creative Commons 0
Motor5,nicog,Creative Commons 0
motor,Kibelon,Creative Commons 0
Motorcycle ride,roman_cgr,Attribution 4.0
Motorcycle Engine - Start and drive away.wav,GregorQuendel,Attribution 4.0
Harley Davidson Engine Start,KikeVilaplana,Creative Commons 0
Motorcycle Start Engine.wav,spenceomatic,Creative Commons 0
chainsaw_start.wav,Jedo,Creative Commons 0
chainsaw start and idle.flac,kyles,Creative Commons 0
"Car Ignition, Exterior, A.wav",InspectorJ,Attribution 4.0
in Park.wav,martats,Creative Commons 0
"Hum of voices in a church before a concert in a small village of Switzerland (Vrin, Graubunden).",felix.blume,Creative Commons 0
Shelby talk.wav,bsumusictech,Creative Commons 0
"People, Crowd Talking Chatting",FreeToUseSounds,Attribution 3.0
crowd_of_people_in_a_hall.wav,kwahmah_02,Attribution 3.0
20080320.farm.ambiance.2.flac,dobroide,Attribution 4.0
Distant Chainsaw 1.mp3,FunWithSound,Creative Commons 0
Chainsaw trimming trees with street noise,Morphic__,Attribution 4.0
saws cutting wood,13FPanská_Tolar_David,Creative Commons 0
Construction site,Jorge_M_Rodrigues,Attribution 4.0
Construction,glenrj,Attribution NonCommercial 4.0
20180313.forest.ambiance.wav,dobroide,Attribution 4.0
ForestDay_BW.66.wav,sonidosreales245,Creative Commons 0
Jogger in the forest,Cinetony,Creative Commons 0
Corded Drill Drilling Into Wood.wav,shelbyshark,Creative Commons 0
Drilling,Dshogan,Attribution NonCommercial 3.0
atmosphere tokyo construction.wav,IsraGallo,Attribution 4.0
"Construction, Jackhammer Excavator, A.wav",InspectorJ,Attribution 4.0
Jogger in the forest,Cinetony,Creative Commons 0
forest summer Roond 005 200619_0186.wav,klankbeeld,Attribution 4.0
forest car people NL Roond 01 200619_0186.wav,klankbeeld,Attribution 4.0
Chainsaw_3.WAV,ivolipa,Creative Commons 0
Chainsaw_4.WAV,ivolipa,Creative Commons 0
Chainsaw Start Attempts.wav,lonemonk,Attribution 3.0
Chainsaw Noises 002.wav,yottasounds,Creative Commons 0
"Chainsaw, Moderately Distant, A.wav",InspectorJ,Attribution 4.0
Chainsaw_4.WAV,ivolipa,Creative Commons 0
Tree Chainsawed Drops.m4a,RutgerMuller,Creative Commons 0
Chainsaw Noises 002.wav,yottasounds,Creative Commons 0
chainsaw start and idle.flac,kyles,Creative Commons 0
"Chainsaw, Moderately Distant, A.wav",InspectorJ,Attribution 4.0
Man cough,dersuperanton,Attribution 4.0
Cough,giddster,Creative Commons 0
coughing,Eelke,Creative Commons 0
Coughs,danieldouch,Attribution 4.0
LOUPE`_0022.wav,adralba,Attribution 4.0
crazy izzy's christmas line.mp3,izzytherobloxgamer09,Attribution NonCommercial 3.0
Czytanie Węzła - Alicja,gbursson,Creative Commons 0
running sink water.mp3,jvmyka@gmail.com,Creative Commons 0
1kHz @ -18dBFS 30 Second.wav,JarredGibb,Creative Commons 0
1kHz @ -18dBFS 30 Second.wav,JarredGibb,Creative Commons 0
NOISE-WHITE-10VU.wav,mutantra,Creative Commons 0
Pink Noise 2 minutes,Jagadamba,Attribution 4.0
Shepard Note A,vroomvro0om,Attribution 4.0
microwave,D0tDashDialUp,Creative Commons 0
Washing machine.mp3,solifer,Attribution NonCommercial 4.0
"washing machine Moderate Spin, Wash .wav",afnan808,Creative Commons 0
washing machine cycle 2.wav,greatsoundstube,Creative Commons 0
washing machine washing 1,Ama_Dis,Attribution 4.0
asthma.wav,Shopp,Sampling+
Tousser 2201.wav,johntrap,Creative Commons 0
Coughing Young Man (me).wav,RutgerMuller,Creative Commons 0
120716 ack.mp3,pflanigan,Creative Commons 0
Real Flu Chest Cold Coughing Male Middle Aged.MP3,squeakyballoon,Attribution 4.0
Adult Male Coughing,jmbland94,Creative Commons 0
Male sick cough,elle-trudgett,Creative Commons 0
Cough.mp3,blymannen,Attribution NonCommercial 3.0
Cough.wav,MuserSounds,Creative Commons 0
Cough.wav,FatimaSalas94,Attribution 3.0
1125coughing.wav,moxobna,Creative Commons 0
Coughing.wav,georgisound,Creative Commons 0
Coughing.wav,AngelicWings,Attribution NonCommercial 4.0
Boy Coughing #1.MP3,SoundsForHim,Creative Commons 0
cough.wav,caseymoura,Attribution 3.0
cough.wav,cphase,Creative Commons 0
Man Coughing,ckvoiceover,Creative Commons 0
A person coughing,Caitlin_100,Creative Commons 0
coughing.wav,stephsinger22,Sampling+
Coughing.mp3,Topschool,Creative Commons 0
Man cough,dersuperanton,Attribution 3.0
Coughing.wav,BIGTexan7213,Attribution 3.0
cough,goldkelchen,Creative Commons 0
cough4.mp3,MilliiStewart15,Attribution 4.0
cough.mp3,MilliiStewart15,Creative Commons 0
Coughing.mp3,sjnewton,Attribution 3.0
Cough3.mp3,MilliiStewart15,Attribution 4.0
cough2.mp3,MilliiStewart15,Attribution 4.0
Cough.wav,Harris85,Creative Commons 0
Cough (2),OwlStorm,Creative Commons 0
double_cough_01.wav,joedeshon,Attribution 4.0
Bathroom tap running and splashing,piego,Creative Commons 0
Bath Tap Running.wav,mincedbeats,Creative Commons 0
Tap.WAV,jadend2,Creative Commons 0
Bathtub tap,Jedo,Creative Commons 0
Kitchen faucet,giddster,Creative Commons 0
Kitchen Ambience,brunoboselli,Creative Commons 0
sink_water_washing_splishing_splashing_open_washbasin_vanity_basin.wav,EricsSoundschmiede,Creative Commons 0
Washing Up / Doing the Dishes / Washing the Dishes,RabMusicLab,Creative Commons 0
Washing Hands.wav,allie_on_toast,Creative Commons 0
ABERTURA E FECHO DE TORNEIRA.m4a,beneditahomemgouveia,Creative Commons 0
water open and close_bip.wav,iggy1345,Creative Commons 0
Washing hands.m4a,MoveAwayPodcast,Attribution 4.0
bathroom recordings.wav,THE_bizniss,Attribution 3.0
Kitchen sink.wav,sethlind,Creative Commons 0
Water running - kitchen sink [RAW],cabled_mess,Creative Commons 0
Water Bottle filled from tap.wav,grakshay,Creative Commons 0
Filling a pan with water,Mega-X-stream,Creative Commons 0
sink_running.wav,smokevhstapes,Attribution 3.0
Washing up 2.wav,clare_wells,Attribution 3.0
Pooring tap water.WAV,cribbler,Creative Commons 0
Sink Tap.wav,S3I5M,Creative Commons 0
Kitchen Faucet with Water running into the Sink (Take A),ani_music,Creative Commons 0
running sink water.mp3,jvmyka@gmail.com,Creative Commons 0
bathroom sink runs then is turned off.mp3,PhantomCreations,Attribution NonCommercial 3.0
Faucet running.WAV,DigPro120,Creative Commons 0
tap water.wav,OrmDian,Creative Commons 0
sink running.wav,3dm0nd_M,Creative Commons 0
Kitchen Faucet Running Water,Tom_Kaszuba,Creative Commons 0
Tap Open Close Water Drain.wav,wesleywestmusic,Creative Commons 0
Kitchen Sink Tap Water Opening And Closing Full.wav,Joao_Janz,Creative Commons 0
sound of a water tap,florianreichelt,Creative Commons 0
openingTapWaterSink.wav,oniwe,Attribution NonCommercial 4.0
Fountain or water tap in monastery.wav,BonnyOrbit,Creative Commons 0
Filling_kettle_with_water_running_tap.wav,nickmaysoundmusic,Creative Commons 0
Tap_Water.wav,7h3_lark,Creative Commons 0
Running Water,templeofhades,Attribution 3.0
Tap Pouring Water,harveyjnz,Attribution 4.0
tap__turn_on__run__turn_off.wav,swiftoid,Creative Commons 0
tap_dribble.wav,swiftoid,Creative Commons 0
Torneira de água,MartaSarmento,Creative Commons 0
Tap Water 1,OwlStorm,Creative Commons 0
Closing water tap,grizzlypwn,Creative Commons 0
WATRPlmb_Kitchen-sink_tap_water_runs_in_bowl.wav,DBS_Sounds,Attribution 4.0
Tap turning on/off,Whiplaff,Creative Commons 0
turning on tap.WAV,taya_yelton,Creative Commons 0
Running Water.wav,Holly6674,Creative Commons 0
Running water - short,14G_Panska_Kaminkova_A,Creative Commons 0
FX_Running_Tap_01.WAV,PeteBarry,Attribution 4.0
running water tap by fresco.wav,fresco,Attribution 4.0
Bathroom Tap.mp3,Caitlin_100,Creative Commons 0
tap water,miacx,Creative Commons 0
Tap running,peridactyloptrix,Creative Commons 0
taps running.wav,wakey,Creative Commons 0
TapWater.wav,kellett66,Creative Commons 0
Tap running.wav,aUREa,Attribution 4.0
Kitchen Tap_Running water.wav,ancorapazzo,Attribution 3.0
tap.wav,jackjames_tomknevitt,Creative Commons 0
Running tap water.wav,Lemodem,Attribution 3.0
Bathroom Running Tap,Clearwavsound,Attribution 3.0
Tap_Running.wav,ken788,Creative Commons 0
tap running dripping,daenerys,Attribution 4.0
gunshot.wav,mark646,Attribution NonCommercial 3.0
gunshot 1.wav,Jakesapp23,Creative Commons 0
2013 Dodge Charger Car Horn .wav,jmpeeples,Creative Commons 0
2000 Nissan Maxima Car Horn.wav,jmpeeples,Creative Commons 0
Car Horn,danlucaz,Creative Commons 0
car_horn.wav,KRAFTWERK2K1,Creative Commons 0
Car Horn in a Garage,akelley6,Attribution 4.0
treAccc4.wav,tomerbe,Attribution 4.0
Car honk.wav,sethlind,Creative Commons 0
Crowd_Honk_Cars.wav,uniuniversal,Creative Commons 0
Car Horn Honk.wav,DeVern,Creative Commons 0
Car honk.wav,BiblicalBricksProductions,Creative Commons 0
car horn honking.wav,99021905683,Creative Commons 0
honk.WAV,cj_ascoli,Creative Commons 0
Car Horn.wav,ceberation,Attribution 3.0
062110_honking_traffic.wav,moxobna,Creative Commons 0
Inside a taxi,nickcase,Creative Commons 0
Car Horn_Irritated driver stuck in traffic.wav,wanaki,Creative Commons 0
Car Horn From Inside of 1990 Volvo 240 Sedan,j_soundeffects,Attribution 4.0
Car Horn Honk,etcd_09,Attribution 3.0
S63 AMG Horn Honking,marcelweiss,Creative Commons 0
boedie_alfa_romeo_MiTo_honking_car_horn.wav,boedie,Creative Commons 0
Distant Honks,everythingsounds,Attribution 4.0
car horn,vialgames,Creative Commons 0
Car Honking,MicktheMicGuy,Creative Commons 0
car horn three honks.wav,JPBILLINGSLEYJR,Attribution 4.0
German Ambulance #2,Breviceps,Creative Commons 0
German Ambulance.wav,Breviceps,Creative Commons 0
German ambulance passes by,Breviceps,Creative Commons 0
20100403.Brussels.ambulance.wav,dobroide,Attribution 4.0
180527 Siren police fire ambulence gets closer stops TORONTO.flac,TRP,Creative Commons 0
20091229.ambulance.siren.wav,dobroide,Attribution 4.0
Emergency Ambulance Pass,BennettFilmTeacher,Creative Commons 0
Ambulance Siren,LanDub,Creative Commons 0
Sirens.wav,Trinity101,Attribution NonCommercial 3.0
ambulance.WAV,cupido-1,Creative Commons 0
ambulance sound,Natha_mf.,Creative Commons 0
ambulance,saphe,Attribution 4.0
Ambulance,sofialomba,Creative Commons 0
Ambulance siren,sofialomba,Creative Commons 0
Ambulance siren,stereobrother,Creative Commons 0
Siren,maycuddlepie,Creative Commons 0
Shop alarm system and footsteps,Tomasroko,Attribution NonCommercial 3.0
Les Ocasions - Dones treballadores,barcelonetasonora,Attribution NonCommercial 4.0
Wooden Door Slamming Open.wav,krnash,Creative Commons 0
Car Door Slam SFX.wav,KamilNaidoo23,Attribution NonCommercial 3.0
Door Slamming.,Tom_Kaszuba,Creative Commons 0
Door Slam,sebriou,Creative Commons 0
Slam_Heavy_Metal_Door.m4a,81120889,Attribution NonCommercial 4.0
door slam distant roomy boom.wav,kyles,Creative Commons 0
Aggressive Door Slam.wav,DrinkingPeter,Creative Commons 0
Car Keys then Door Slam,-CASK-,Attribution 4.0
Muffled Door Slam.aif,scheopg,Creative Commons 0
Big Front Door Slam,Sheyvan,Creative Commons 0
car door slam 35 A.wav,patchen,Attribution 3.0
Door_Slam.aif,aliceemily,Creative Commons 0
Wooden Door Slamming Close.wav,krnash,Creative Commons 0
door slam.mp3,winsx87,Creative Commons 0
Slamming Door.wav,MTJohnson,Creative Commons 0
Door slam far.aiff,kd_jack,Creative Commons 0
Wood Door Slam.wav,MootMcnoodles,Creative Commons 0
Slamming Door.mp3,bmusic92,Creative Commons 0
door slam.wav,Kalou,Attribution 4.0
Door Slammed,altfuture,Creative Commons 0
Door Slam,viznoman,Attribution 3.0
Door Slam,DSOADigital,Creative Commons 0
stairwell door-panic bar and slam.wav,klangfabrik,Creative Commons 0
door closing.mp3,Chevy_Snyder,Attribution 3.0
Door Slam.m4a,hdomst,Creative Commons 0
Door Slam.MP3,FunWithSound,Attribution 4.0
Door_Slam01.flac,corpocracy,Attribution 3.0
Door slam 1.wav,bennstir,Attribution 4.0
"Door, Wooden, Close, A (H4n).wav",InspectorJ,Attribution 4.0
Door slam,TiesWijnen,Creative Commons 0
grandpa kahuna.mp3,bummblefly,Creative Commons 0
Czytanie Węzła - Alicja,gbursson,Creative Commons 0
hardworker izzy's clone.mp3,izzytherobloxgamer09,Creative Commons 0
PEOPLE AT ARCH OF GALERIUS.m4a,xaviam73,Creative Commons 0
"Ihmiset ravintolassa, ihmisjoukon sorinaa / Crowd, about 100 people, in a restaurant, multilingual talk, buzz of conversation, some clatter and jingle ",YleArkisto,Attribution 4.0
talking people.MP3,szalonegacie,Creative Commons 0
Conversation.wav,BlancaBartual,Attribution NonCommercial 3.0
"Apollo89 - idle conversation, groups people, small town square, athens, greece.wav",SpyrosPolitis,Creative Commons 0
bustling conversation loop.wav,soundofsong,Creative Commons 0
RocDirexions.wav,acclivity,Attribution NonCommercial 4.0
Street_market_2.aif,susiq12,Attribution 3.0
Crowd Noise 2 ,toonothing,Creative Commons 0
Restraunt2.wav,dude3966,Sampling+
peopleTalks2.flac,Zabuhailo,Attribution 4.0
2_CROWD,Julien Nicolas,Attribution 4.0
Crowd at a Banquet,unfa,Creative Commons 0
Conference lunch,pievarino,Attribution 3.0
three minutes of crowded bakery.m4a,mueckenjulie,Creative Commons 0
Busy Coffee Shop Counter Field Recording,mhtaylor67,Creative Commons 0
Busy Coffee Shop,Stu289631,Creative Commons 0
Ambiance restaurant very noisy,JJDG,Attribution NonCommercial 3.0
restaurant_pub_czech_lively_loud.wav,ondondvo,Creative Commons 0
Very Busy Bar,richwise,Creative Commons 0
crowd chattering students university loud.aif,bpayri,Attribution 4.0
People talking loud in the distance at late night - Outside Ambience,clawbase,Creative Commons 0
many people with children are noisy and talk,Garuda1982,Attribution 4.0
